-3,1,-3,-3,-3,-3,-3,-3,-3,-3,-3,-3,-3,-3,-3,-3,-3,-3,-3,-3,-3,-3,-3,-3,-3,-3,-3,-3,-3,-3,-3,-3,-3,-3,-3,-3,-3,-3,-3,-3,-3,2,3,-3,-3,-3,-3,-3,-3,-3,-3,-3,-3,-3,-3,-3,-3,-3,-3,-3,-3,-3,-3,-3,-3
-5,-5,4,-5,-5,-5,-5,-5,-5,-5,-5,-5,-5,-5,-5,-5,-5,-5,-5,-5,-5,-5,-5,-5,-5,-5,-5,-5,-5,-5,-5,-5,-5,-5,-5,-5,-5,-5,-5,-5,-5,-5,-5,-5,5,-5,-5,-5,-5,-5,-5,-5,-5,-5,-5,-5,-5,-5,-5,-5,-5,-5,-5,-5,-5
0,9999,9999,9999,9999,9999,9999,9999,9999,9999,9999,9999,9999,9999,9999,9999,9999,9999,9999,9999,9999,9999,9999,9999,9999,9999,9999,9999,9999,9999,9999,9999,9999,9999,9999,9999,9999,9999,9999,9999,9999,9999,9999,9999,9999,9999,9999,9999,9999,9999,9999,9999,9999,9999,9999,9999,9999,9999,9999,9999,9999,9999,9999,9999,9999
9999,9999,9999,9999,9999,9999,9999,9999,9999,9999,9999,9999,9999,7,9999,9999,9999,9999,9999,9999,9999,9999,9999,9999,9999,9999,9999,9999,9999,9999,9999,9999,9999,9999,9999,9999,9999,9999,9999,9999,9999,9999,9999,8,9999,9999,9999,9999,9999,9999,9999,9999,9999,9999,9999,9999,9999,9999,9999,9999,9999,9999,9999,9999,9999
9999,9999,9999,9999,9999,9,10,11,9999,9999,9999,12,13,9999,9999,9999,9999,9999,9999,9999,9999,9999,9999,9999,9999,9999,9999,9999,9999,9999,9999,9999,9999,9999,9999,9999,9999,9999,9999,9999,9999,9999,9999,9999,9999,14,15,9999,9999,16,17,9999,9999,9999,9999,9999,9999,9999,9999,9999,9999,9999,9999,9999,9999
-2,-2,-2,-2,-2,-2,-2,-2,-2,-2,-2,-2,-2,-2,-2,-2,-2,-2,-2,-2,-2,-2,-2,-2,-2,-2,-2,-2,-2,-2,-2,-2,-2,-2,-2,-2,-2,-2,-2,-2,-2,-2,-2,-2,-2,-2,-2,-2,-2,-2,-2,-2,-2,-2,-2,-2,-2,-2,-2,-2,-2,-2,-2,-2,-2
0,0,0,0,0,0,0,0,0,0,0,0,0,0,0,0,0,0,0,0,0,0,0,0,0,0,0,0,0,0,0,0,0,0,0,0,0,0,0,0,0,0,0,0,0,0,0,0,0,0,0,0,0,0,0,0,0,0,0,0,0,0,0,0,0
9999,9999,24,9999,9999,9999,9999,9999,9999,9999,9999,9999,9999,7,9999,18,19,20,21,25,22,9999,23,9999,9999,9999,9999,9999,9999,9999,9999,9999,9999,9999,9999,9999,9999,9999,9999,9999,9999,9999,9999,26,9999,9999,9999,9999,9999,9999,9999,9999,27,28,29,30,9999,9999,9999,9999,9999,9999,9999,9999,9999
31,9999,9999,9999,9999,9999,9999,9999,9999,9999,9999,9999,9999,9999,9999,9999,9999,9999,9999,9999,9999,9999,9999,9999,9999,9999,9999,9999,9999,9999,9999,9999,9999,9999,9999,9999,9999,9999,9999,9999,9999,9999,9999,9999,9999,9999,9999,9999,9999,9999,9999,9999,9999,9999,9999,9999,9999,9999,9999,9999,9999,9999,9999,9999,9999
-11,-11,-11,-11,-11,-11,-11,-11,-11,-11,-11,-11,-11,-11,-11,-11,-11,-11,-11,-11,-11,-11,-11,-11,-11,-11,-11,-11,-11,-11,-11,-11,-11,-11,-11,-11,-11,-11,-11,-11,-11,-11,-11,-11,-11,-11,-11,-11,-11,-11,-11,-11,-11,-11,-11,-11,-11,-11,-11,-11,-11,-11,-11,-11,-11
-12,-12,-12,-12,-12,-12,-12,-12,-12,-12,-12,-12,-12,-12,-12,-12,-12,-12,-12,-12,-12,-12,-12,-12,-12,-12,-12,-12,-12,-12,-12,-12,-12,-12,-12,-12,-12,-12,-12,-12,-12,-12,-12,-12,-12,-12,-12,-12,-12,-12,-12,-12,-12,-12,-12,-12,-12,-12,-12,-12,-12,-12,-12,-12,-12
9999,9999,9999,9999,9999,9999,9999,9999,32,9999,9999,9999,9999,9999,9999,9999,9999,9999,9999,9999,9999,9999,9999,9999,9999,9999,9999,9999,9999,9999,9999,9999,9999,9999,9999,9999,9999,9999,9999,9999,9999,9999,9999,9999,9999,9999,9999,9999,9999,9999,9999,33,9999,9999,9999,9999,9999,9999,9999,9999,9999,9999,9999,9999,9999
9999,9999,9999,9999,9999,9999,9999,9999,32,9999,9999,9999,9999,9999,9999,9999,9999,9999,9999,9999,9999,9999,9999,9999,9999,9999,9999,9999,9999,9999,9999,9999,9999,9999,9999,9999,9999,9999,9999,9999,9999,9999,9999,9999,9999,9999,9999,9999,9999,9999,9999,34,9999,9999,9999,9999,9999,9999,9999,9999,9999,9999,9999,9999,9999
9999,9999,9999,9999,9999,9999,9999,9999,32,9999,9999,9999,9999,9999,9999,9999,9999,9999,9999,9999,9999,9999,9999,9999,9999,9999,9999,9999,9999,9999,9999,9999,9999,9999,9999,9999,9999,9999,9999,9999,9999,9999,9999,9999,9999,9999,9999,9999,9999,9999,9999,35,9999,9999,9999,9999,9999,9999,9999,9999,9999,9999,9999,9999,9999
9999,9999,9999,36,9999,9999,9999,9999,9999,9999,9999,9999,9999,9999,9999,9999,9999,9999,9999,9999,9999,9999,9999,9999,9999,9999,9999,9999,9999,9999,9999,9999,9999,9999,9999,9999,9999,9999,9999,9999,9999,9999,9999,9999,9999,9999,9999,9999,9999,9999,9999,9999,9999,9999,9999,9999,9999,9999,9999,9999,9999,9999,9999,9999,9999
-8,-8,-8,-8,37,-8,-8,-8,-8,-8,-8,-8,-8,-8,-8,-8,-8,-8,-8,-8,-8,-8,-8,-8,-8,-8,-8,-8,-8,-8,-8,-8,-8,-8,-8,-8,-8,-8,-8,-8,-8,-8,-8,-8,-8,-8,-8,38,-8,-8,-8,-8,-8,-8,-8,-8,-8,-8,-8,-8,-8,-8,-8,-8,-8
-9,-9,-9,-9,-9,-9,-9,-9,-9,-9,-9,-9,-9,-9,-9,-9,-9,-9,-9,-9,-9,-9,-9,-9,-9,-9,-9,-9,-9,-9,-9,-9,-9,-9,-9,-9,-9,-9,-9,-9,-9,-9,-9,-9,-9,-9,-9,-9,-9,-9,-9,-9,-9,-9,-9,-9,-9,-9,-9,-9,-9,-9,-9,-9,-9
-10,-10,-10,-10,-10,-10,-10,-10,-10,-10,-10,-10,-10,-10,-10,-10,-10,-10,-10,-10,-10,-10,-10,-10,-10,-10,-10,-10,-10,-10,-10,-10,-10,-10,-10,-10,-10,-10,-10,-10,-10,-10,-10,-10,-10,-10,-10,-10,-10,-10,-10,-10,-10,-10,-10,-10,-10,-10,-10,-10,-10,-10,-10,-10,-10
9999,9999,9999,39,9999,9999,9999,9999,9999,9999,9999,9999,9999,9999,9999,9999,9999,9999,9999,9999,9999,9999,9999,9999,9999,9999,9999,9999,9999,9999,9999,9999,9999,9999,9999,9999,9999,9999,9999,9999,9999,9999,9999,9999,9999,9999,9999,9999,9999,9999,9999,9999,9999,9999,9999,9999,9999,9999,9999,9999,9999,9999,9999,9999,9999
9999,9999,9999,9999,9999,9999,9999,9999,40,9999,9999,9999,9999,9999,9999,9999,9999,9999,9999,9999,9999,9999,9999,9999,9999,9999,9999,9999,9999,9999,9999,9999,9999,9999,9999,9999,9999,9999,9999,9999,9999,9999,9999,9999,9999,9999,9999,9999,9999,9999,9999,9999,9999,9999,9999,9999,9999,9999,9999,9999,9999,9999,9999,9999,9999
9999,9999,9999,9999,9999,9999,9999,9999,41,9999,9999,9999,9999,9999,9999,9999,9999,9999,9999,9999,9999,9999,9999,9999,9999,9999,9999,9999,9999,9999,9999,9999,9999,9999,9999,9999,9999,9999,9999,9999,9999,9999,9999,9999,9999,9999,9999,9999,9999,9999,9999,9999,9999,9999,9999,9999,9999,9999,9999,9999,9999,9999,9999,9999,9999
9999,9999,9999,42,9999,9999,9999,9999,9999,9999,9999,9999,9999,9999,9999,9999,9999,9999,9999,9999,9999,9999,9999,9999,9999,9999,9999,9999,9999,9999,9999,9999,9999,9999,9999,9999,9999,9999,9999,9999,9999,9999,9999,9999,9999,9999,9999,9999,9999,9999,9999,9999,9999,9999,9999,9999,9999,9999,9999,9999,9999,9999,9999,9999,9999
9999,9999,9999,9999,9999,9999,9999,9999,9999,9999,9999,9999,9999,43,9999,9999,9999,9999,9999,9999,9999,9999,9999,9999,9999,9999,9999,9999,9999,9999,9999,9999,9999,9999,9999,9999,9999,9999,9999,9999,9999,9999,9999,9999,9999,9999,9999,9999,9999,9999,9999,9999,9999,9999,9999,9999,9999,9999,9999,9999,9999,9999,9999,9999,9999
9999,9999,48,9999,9999,9999,9999,9999,9999,49,9999,9999,9999,9999,9999,44,9999,9999,9999,9999,9999,9999,9999,9999,9999,9999,9999,45,46,47,9999,9999,9999,9999,9999,9999,9999,9999,9999,9999,9999,9999,9999,9999,9999,9999,9999,9999,9999,9999,9999,9999,9999,9999,9999,9999,50,9999,9999,51,9999,52,9999,53,9999
9999,9999,9999,9999,54,9999,9999,9999,9999,9999,9999,9999,9999,9999,9999,9999,9999,9999,9999,9999,9999,9999,9999,9999,9999,9999,9999,9999,9999,9999,9999,9999,9999,9999,9999,9999,9999,9999,9999,9999,9999,9999,9999,9999,9999,9999,9999,9999,9999,9999,9999,9999,9999,9999,9999,9999,9999,9999,9999,9999,9999,9999,9999,9999,9999
9999,9999,55,9999,9999,9999,9999,9999,9999,9999,9999,9999,9999,9999,9999,9999,9999,9999,9999,9999,9999,9999,9999,9999,9999,9999,9999,9999,9999,9999,9999,9999,9999,9999,9999,9999,9999,9999,9999,9999,9999,9999,9999,9999,9999,9999,9999,9999,9999,9999,9999,9999,9999,9999,9999,9999,9999,9999,9999,9999,9999,9999,9999,9999,9999
-23,-23,-23,-23,-23,-23,-23,-23,-23,-23,-23,-23,-23,-23,-23,-23,-23,-23,-23,-23,-23,-23,-23,-23,-23,-23,-23,-23,-23,-23,-23,-23,-23,-23,-23,-23,-23,-23,-23,-23,-23,-23,-23,-23,-23,-23,-23,-23,-23,-23,-23,-23,-23,-23,-23,-23,-23,-23,-23,-23,-23,-23,-23,-23,-23
9999,9999,9999,9999,9999,9999,9999,9999,9999,9999,9999,9999,9999,9999,56,9999,9999,9999,9999,9999,9999,9999,9999,9999,9999,9999,9999,9999,9999,9999,9999,9999,9999,9999,9999,9999,9999,9999,9999,9999,9999,9999,9999,9999,9999,9999,9999,9999,9999,9999,9999,9999,9999,9999,9999,9999,9999,9999,9999,9999,9999,9999,9999,9999,9999
-19,-19,24,-19,-19,-19,-19,-19,-19,-19,-19,-19,-19,7,-19,-19,19,20,21,25,22,-19,23,-19,-19,-19,-19,-19,-19,-19,-19,-19,-19,-19,-19,-19,-19,-19,-19,-19,-19,-19,-19,26,-19,-19,-19,-19,-19,-19,-19,-19,-19,-19,57,30,-19,-19,-19,-19,-19,-19,-19,-19,-19
-20,-20,-20,-20,-20,-20,-20,-20,-20,-20,-20,-20,-20,-20,-20,-20,-20,-20,-20,-20,-20,-20,-20,-20,-20,-20,-20,-20,-20,-20,-20,-20,-20,-20,-20,-20,-20,-20,-20,-20,-20,-20,-20,-20,-20,-20,-20,-20,-20,-20,-20,-20,-20,-20,-20,-20,-20,-20,-20,-20,-20,-20,-20,-20,-20
9999,9999,9999,58,9999,9999,9999,9999,9999,9999,9999,9999,9999,9999,9999,9999,9999,9999,9999,9999,9999,9999,9999,9999,9999,9999,9999,9999,9999,9999,9999,9999,9999,9999,9999,9999,9999,9999,9999,9999,9999,9999,9999,9999,9999,9999,9999,9999,9999,9999,9999,9999,9999,9999,9999,9999,9999,9999,9999,9999,9999,9999,9999,9999,9999
-1,-1,-1,-1,-1,-1,-1,-1,-1,-1,-1,-1,-1,-1,-1,-1,-1,-1,-1,-1,-1,-1,-1,-1,-1,-1,-1,-1,-1,-1,-1,-1,-1,-1,-1,-1,-1,-1,-1,-1,-1,-1,-1,-1,-1,-1,-1,-1,-1,-1,-1,-1,-1,-1,-1,-1,-1,-1,-1,-1,-1,-1,-1,-1,-1
9999,9999,9999,9999,9999,9999,9999,9999,9999,59,9999,9999,9999,9999,9999,9999,9999,9999,9999,9999,9999,9999,9999,9999,9999,9999,9999,9999,9999,9999,9999,9999,9999,9999,9999,9999,9999,9999,9999,9999,9999,9999,9999,9999,9999,9999,9999,9999,9999,9999,9999,9999,9999,9999,9999,9999,9999,9999,9999,9999,9999,9999,9999,9999,9999
-13,-13,-13,-13,-13,-13,-13,-13,-13,-13,-13,-13,-13,-13,-13,-13,-13,-13,-13,-13,-13,-13,-13,-13,-13,-13,-13,-13,-13,-13,-13,-13,-13,-13,-13,-13,-13,-13,-13,-13,-13,-13,-13,-13,-13,-13,-13,-13,-13,-13,-13,-13,-13,-13,-13,-13,-13,-13,-13,-13,-13,-13,-13,-13,-13
-15,-15,-15,-15,-15,-15,-15,-15,-15,-15,-15,-15,-15,-15,-15,-15,-15,-15,-15,-15,-15,-15,-15,-15,-15,-15,-15,-15,-15,-15,-15,-15,-15,-15,-15,-15,-15,-15,-15,-15,-15,-15,-15,-15,-15,-15,-15,-15,-15,-15,-15,-15,-15,-15,-15,-15,-15,-15,-15,-15,-15,-15,-15,-15,-15
-16,-16,-16,-16,-16,-16,-16,-16,-16,-16,-16,-16,-16,-16,-16,-16,-16,-16,-16,-16,-16,-16,-16,-16,-16,-16,-16,-16,-16,-16,-16,-16,-16,-16,-16,-16,-16,-16,-16,-16,-16,-16,-16,-16,-16,-16,-16,-16,-16,-16,-16,-16,-16,-16,-16,-16,-16,-16,-16,-16,-16,-16,-16,-16,-16
-5,-5,4,-5,-5,-5,-5,-5,-5,-5,-5,-5,-5,-5,-5,-5,-5,-5,-5,-5,-5,-5,-5,-5,-5,-5,-5,-5,-5,-5,-5,-5,-5,-5,-5,-5,-5,-5,-5,-5,-5,-5,-5,-5,60,-5,-5,-5,-5,-5,-5,-5,-5,-5,-5,-5,-5,-5,-5,-5,-5,-5,-5,-5,-5
9999,9999,48,9999,9999,9,10,11,9999,49,9999,12,13,9999,9999,44,9999,9999,9999,9999,9999,9999,9999,9999,61,9999,9999,45,46,47,9999,9999,9999,9999,9999,9999,9999,9999,9999,9999,9999,9999,9999,9999,9999,9999,9999,9999,63,16,17,9999,9999,9999,9999,9999,65,64,62,51,9999,52,9999,53,9999
-6,-6,-6,-6,-6,-6,-6,-6,-6,-6,-6,-6,-6,-6,-6,-6,-6,-6,-6,-6,-6,-6,-6,-6,-6,-6,-6,-6,-6,-6,-6,-6,-6,-6,-6,-6,-6,-6,-6,-6,-6,-6,-6,-6,-6,-6,-6,-6,-6,-6,-6,-6,-6,-6,-6,-6,-6,-6,-6,-6,-6,-6,-6,-6,-6
-18,-18,-18,-18,-18,-18,-18,-18,-18,-18,-18,-18,-18,-18,-18,-18,-18,-18,-18,-18,-18,-18,-18,-18,-18,-18,-18,-18,-18,-18,-18,-18,-18,-18,-18,-18,-18,-18,-18,-18,-18,-18,-18,-18,-18,-18,-18,-18,-18,-18,-18,-18,-18,-18,-18,-18,-18,-18,-18,-18,-18,-18,-18,-18,-18
9999,9999,66,9999,9999,9999,9999,9999,9999,9999,9999,9999,9999,9999,9999,9999,9999,9999,9999,9999,9999,9999,9999,9999,9999,9999,9999,9999,9999,9999,9999,9999,9999,9999,9999,9999,9999,9999,9999,9999,9999,9999,9999,9999,9999,9999,9999,9999,9999,9999,9999,9999,9999,9999,9999,9999,9999,9999,9999,9999,9999,9999,9999,9999,9999
9999,9999,67,9999,9999,9999,9999,9999,9999,9999,9999,9999,9999,9999,9999,9999,9999,9999,9999,9999,9999,9999,9999,9999,9999,9999,9999,9999,9999,9999,9999,9999,9999,9999,9999,9999,9999,9999,9999,9999,9999,9999,9999,9999,9999,9999,9999,9999,9999,9999,9999,9999,9999,9999,9999,9999,9999,9999,9999,9999,9999,9999,9999,9999,9999
-26,-26,-26,-26,-26,-26,-26,-26,-26,-26,-26,-26,-26,-26,-26,-26,-26,-26,-26,-26,-26,-26,-26,-26,-26,-26,-26,-26,-26,-26,-26,-26,-26,-26,-26,-26,-26,-26,-26,-26,-26,-26,-26,-26,-26,-26,-26,-26,-26,-26,-26,-26,-26,-26,-26,-26,-26,-26,-26,-26,-26,-26,-26,-26,-26
9999,9999,48,9999,9999,9999,9999,9999,9999,49,9999,9999,9999,9999,9999,44,9999,9999,9999,9999,9999,9999,9999,9999,9999,9999,9999,45,46,47,9999,9999,9999,9999,9999,9999,9999,9999,9999,9999,9999,9999,9999,9999,9999,9999,9999,9999,9999,9999,9999,9999,9999,9999,9999,9999,68,9999,9999,51,9999,52,9999,53,9999
-46,-46,-46,-46,-46,-46,-46,-46,-46,-46,-46,-46,-46,-46,-46,-46,-46,-46,-46,-46,-46,-46,-46,-46,-46,-46,-46,-46,-46,-46,-46,-46,-46,-46,-46,-46,-46,-46,-46,-46,-46,-46,-46,-46,-46,-46,-46,-46,-46,-46,-46,-46,-46,-46,-46,-46,-46,-46,-46,-46,-46,-46,-46,-46,-46
-44,-44,-44,-44,-44,-44,-44,-44,-44,-44,-44,-44,-44,-44,-44,-44,-44,-44,-44,-44,-44,-44,-44,-44,-44,-44,-44,-44,-44,-44,-44,-44,-44,-44,-44,-44,-44,-44,-44,-44,-44,-44,-44,-44,-44,-44,-44,-44,-44,-44,-44,-44,-44,-44,-44,-44,-44,-44,-44,-44,-44,-44,-44,-44,-44
-45,-45,-45,-45,-45,-45,-45,-45,-45,-45,-45,-45,-45,-45,-45,-45,-45,-45,-45,-45,-45,-45,-45,-45,-45,-45,-45,-45,-45,-45,-45,-45,-45,-45,-45,-45,-45,-45,-45,-45,-45,-45,-45,-45,-45,-45,-45,-45,-45,-45,-45,-45,-45,-45,-45,-45,-45,-45,-45,-45,-45,-45,-45,-45,-45
9999,9999,48,9999,9999,9999,9999,9999,9999,49,9999,9999,9999,9999,9999,44,9999,9999,9999,9999,9999,9999,9999,9999,9999,9999,9999,45,46,47,9999,9999,9999,9999,9999,9999,9999,9999,9999,9999,9999,9999,9999,9999,9999,9999,9999,9999,9999,9999,9999,9999,9999,9999,9999,9999,9999,9999,9999,9999,9999,9999,9999,69,9999
-42,-42,-42,-42,-42,-42,-42,-42,-42,-42,-42,-42,-42,-42,-42,-42,-42,-42,-42,-42,-42,-42,-42,-42,-42,-42,-42,-42,-42,-42,-42,-42,-42,-42,-42,-42,-42,-42,-42,-42,-42,-42,-42,-42,-42,-42,-42,-42,-42,-42,-42,-42,-42,-42,-42,-42,-42,-42,-42,-42,-42,-42,-42,-42,-42
-43,-43,-43,-43,-43,-43,-43,-43,-43,-43,-43,-43,-43,-43,-43,-43,-43,-43,-43,-43,-43,-43,-43,-43,-43,-43,-43,-43,-43,-43,-43,-43,-43,-43,-43,-43,-43,-43,-43,-43,-43,-43,-43,-43,-43,-43,-43,-43,-43,-43,-43,-43,-43,-43,-43,-43,-43,-43,-43,-43,-43,-43,-43,-43,-43
9999,9999,9999,9999,9999,9999,9999,9999,9999,9999,9999,9999,9999,9999,9999,9999,9999,9999,9999,9999,9999,9999,9999,70,9999,9999,9999,9999,9999,9999,9999,9999,9999,9999,9999,9999,9999,9999,9999,9999,9999,9999,9999,9999,9999,9999,9999,9999,9999,9999,9999,9999,9999,9999,9999,9999,9999,9999,9999,9999,9999,9999,9999,9999,9999
-36,-36,-36,-36,-36,-36,-36,-36,-36,-36,-36,-36,-36,-36,-36,-36,-36,-36,-36,-36,-36,-36,-36,-36,-36,-36,-36,-36,-36,-36,72,73,74,75,76,71,77,78,-36,-36,-36,-36,-36,-36,-36,-36,-36,-36,-36,-36,-36,-36,-36,-36,-36,-36,-36,-36,-36,-36,79,-36,80,-36,-36
-38,-38,-38,-38,-38,-38,-38,-38,-38,-38,-38,-38,-38,-38,-38,-38,-38,-38,-38,-38,-38,-38,-38,-38,-38,-38,-38,-38,-38,-38,-38,-38,-38,-38,-38,-38,-38,-38,81,82,83,-38,-38,-38,-38,-38,-38,-38,-38,-38,-38,-38,-38,-38,-38,-38,-38,-38,-38,-38,-38,-38,-38,-38,84
-40,-40,-40,-40,-40,-40,-40,-40,-40,-40,-40,-40,-40,-40,-40,-40,-40,-40,-40,-40,-40,-40,-40,-40,-40,-40,-40,-40,-40,-40,-40,-40,-40,-40,-40,-40,-40,-40,-40,-40,-40,-40,-40,-40,-40,-40,-40,-40,-40,-40,-40,-40,-40,-40,-40,-40,-40,-40,-40,-40,-40,-40,-40,-40,-40
9999,9999,48,9999,9999,9,10,11,9999,49,9999,12,13,9999,9999,44,9999,9999,9999,9999,9999,9999,9999,9999,61,9999,9999,45,46,47,9999,9999,9999,9999,9999,9999,9999,9999,9999,9999,9999,9999,9999,9999,9999,9999,62,9999,85,16,17,9999,9999,9999,9999,9999,65,64,9999,51,9999,52,9999,53,9999
9999,9999,9999,86,9999,9999,9999,9999,9999,9999,9999,9999,9999,9999,9999,9999,9999,9999,9999,9999,9999,9999,9999,9999,9999,9999,9999,9999,9999,9999,9999,9999,9999,9999,9999,9999,9999,9999,9999,9999,9999,9999,9999,9999,9999,9999,9999,9999,9999,9999,9999,9999,9999,9999,9999,9999,9999,9999,9999,9999,9999,9999,9999,9999,9999
9999,9999,9999,87,9999,9999,9999,9999,9999,9999,9999,9999,9999,9999,9999,9999,9999,9999,9999,9999,9999,9999,9999,9999,9999,9999,9999,9999,9999,9999,9999,9999,9999,9999,9999,9999,9999,9999,9999,9999,9999,9999,9999,9999,9999,9999,9999,9999,9999,9999,9999,9999,9999,9999,9999,9999,9999,9999,9999,9999,9999,9999,9999,9999,9999
-21,-21,-21,-21,-21,-21,-21,-21,-21,-21,-21,-21,-21,-21,-21,-21,-21,-21,-21,-21,-21,-21,-21,-21,-21,-21,-21,-21,-21,-21,-21,-21,-21,-21,-21,-21,-21,-21,-21,-21,-21,-21,-21,-21,-21,-21,-21,-21,-21,-21,-21,-21,-21,-21,-21,-21,-21,-21,-21,-21,-21,-21,-21,-21,-21
-22,-22,-22,-22,-22,-22,-22,-22,-22,-22,-22,-22,-22,-22,-22,-22,-22,-22,-22,-22,-22,-22,-22,-22,-22,-22,-22,-22,-22,-22,-22,-22,-22,-22,-22,-22,-22,-22,-22,-22,-22,-22,-22,-22,-22,-22,-22,-22,-22,-22,-22,-22,-22,-22,-22,-22,-22,-22,-22,-22,-22,-22,-22,-22,-22
9999,9999,9999,9999,9999,9999,9999,9999,9999,9999,88,9999,9999,9999,9999,9999,9999,9999,9999,9999,9999,9999,9999,9999,9999,9999,9999,9999,9999,9999,9999,9999,9999,9999,9999,9999,9999,9999,9999,9999,9999,9999,9999,9999,9999,9999,9999,9999,9999,9999,9999,9999,9999,9999,9999,9999,9999,9999,9999,9999,9999,9999,9999,9999,9999
-4,-4,-4,-4,-4,-4,-4,-4,-4,-4,-4,-4,-4,-4,-4,-4,-4,-4,-4,-4,-4,-4,-4,-4,-4,-4,-4,-4,-4,-4,-4,-4,-4,-4,-4,-4,-4,-4,-4,-4,-4,-4,-4,-4,-4,-4,-4,-4,-4,-4,-4,-4,-4,-4,-4,-4,-4,-4,-4,-4,-4,-4,-4,-4,-4
9999,9999,9999,9999,9999,9999,9999,9999,9999,9999,9999,9999,9999,9999,9999,9999,9999,9999,9999,9999,9999,9999,9999,9999,9999,89,90,9999,9999,9999,9999,9999,9999,9999,9999,9999,9999,9999,9999,9999,9999,9999,9999,9999,9999,9999,9999,9999,9999,9999,9999,9999,9999,9999,9999,9999,9999,9999,9999,9999,9999,9999,9999,9999,9999
-35,-35,-35,-35,-35,-35,-35,-35,-35,-35,-35,-35,-35,-35,-35,-35,-35,-35,-35,-35,-35,-35,-35,-35,-35,-35,-35,-35,-35,-35,-35,-35,-35,-35,-35,-35,-35,-35,-35,-35,-35,-35,-35,-35,-35,-35,-35,-35,-35,-35,-35,-35,-35,-35,-35,-35,-35,-35,-35,-35,-35,-35,-35,-35,-35
-7,-7,-7,-7,-7,-7,-7,-7,-7,-7,-7,-7,-7,-7,-7,-7,-7,-7,-7,-7,-7,-7,-7,-7,-7,-7,-7,-7,-7,-7,-7,-7,-7,-7,-7,-7,-7,-7,-7,-7,-7,-7,-7,-7,-7,-7,-7,-7,-7,-7,-7,-7,-7,-7,-7,-7,-7,-7,-7,-7,-7,-7,-7,-7,-7
9999,9999,9999,9999,9999,9999,9999,9999,91,9999,9999,9999,9999,9999,9999,9999,9999,9999,9999,9999,9999,9999,9999,9999,9999,9999,9999,9999,9999,9999,9999,9999,9999,9999,9999,9999,9999,9999,9999,9999,9999,9999,9999,9999,9999,9999,9999,9999,9999,9999,9999,9999,9999,9999,9999,9999,9999,9999,9999,9999,9999,9999,9999,9999,9999
-31,-31,-31,-31,-31,-31,-31,-31,-31,-31,-31,-31,-31,-31,-31,-31,-31,-31,-31,-31,-31,-31,-31,-31,-31,-31,-31,-31,-31,-31,-31,-31,-31,-31,-31,-31,-31,-31,-31,-31,-31,-31,-31,-31,-31,-31,-31,-31,-31,-31,-31,-31,-31,-31,-31,-31,-31,-31,-31,-31,-31,-31,-31,-31,-31
9999,9999,9999,9999,9999,9999,9999,9999,9999,9999,92,9999,9999,9999,9999,9999,9999,9999,9999,9999,9999,9999,9999,9999,9999,9999,9999,9999,9999,9999,9999,9999,9999,9999,9999,9999,9999,9999,9999,9999,9999,9999,9999,9999,9999,9999,9999,9999,9999,9999,9999,9999,9999,9999,9999,9999,9999,9999,9999,9999,9999,9999,9999,9999,9999
9999,9999,9999,9999,9999,9999,9999,9999,9999,9999,93,9999,9999,9999,9999,9999,9999,9999,9999,9999,9999,9999,9999,9999,9999,9999,9999,9999,9999,9999,9999,9999,9999,9999,9999,9999,9999,9999,9999,9999,9999,9999,9999,9999,9999,9999,9999,9999,9999,9999,9999,9999,9999,9999,9999,9999,9999,9999,9999,9999,9999,9999,9999,9999,9999
9999,9999,9999,9999,9999,9999,9999,9999,9999,9999,9999,9999,9999,9999,9999,9999,9999,9999,9999,9999,9999,94,9999,9999,9999,9999,9999,9999,9999,9999,9999,9999,9999,9999,9999,9999,9999,9999,9999,9999,9999,9999,9999,9999,9999,9999,9999,9999,9999,9999,9999,9999,9999,9999,9999,9999,9999,9999,9999,9999,9999,9999,9999,9999,9999
-47,-47,-47,-47,-47,-47,-47,-47,-47,-47,-47,-47,-47,-47,-47,-47,-47,-47,-47,-47,-47,-47,-47,-47,-47,-47,-47,-47,-47,-47,-47,-47,-47,-47,-47,-47,-47,-47,-47,-47,-47,-47,-47,-47,-47,-47,-47,-47,-47,-47,-47,-47,-47,-47,-47,-47,-47,-47,-47,-47,-47,-47,-47,-47,-47
9999,9999,24,9999,9999,9999,9999,9999,9999,25,9999,9999,9999,7,9999,9999,19,20,21,9999,22,9999,23,9999,9999,9999,9999,9999,9999,9999,9999,9999,9999,9999,9999,9999,9999,9999,9999,9999,9999,9999,9999,26,9999,9999,9999,9999,9999,9999,9999,9999,9999,9999,95,30,9999,9999,9999,9999,9999,9999,9999,9999,9999
-53,-53,-53,-53,-53,-53,-53,-53,-53,-53,-53,-53,-53,-53,-53,-53,-53,-53,-53,-53,-53,-53,-53,-53,-53,-53,-53,-53,-53,-53,-53,-53,-53,-53,-53,-53,-53,-53,-53,-53,-53,-53,-53,-53,-53,-53,-53,-53,-53,-53,-53,-53,-53,-53,-53,-53,-53,-53,-53,-53,-53,-53,-53,-53,-53
-48,-48,-48,-48,-48,-48,-48,-48,-48,-48,-48,-48,-48,-48,-48,-48,-48,-48,-48,-48,-48,-48,-48,-48,-48,-48,-48,-48,-48,-48,-48,-48,-48,-48,-48,-48,-48,-48,-48,-48,-48,-48,-48,-48,-48,-48,-48,-48,-48,-48,-48,-48,-48,-48,-48,-48,-48,-48,-48,-48,-48,-48,-48,-48,-48
-49,-49,-49,-49,-49,-49,-49,-49,-49,-49,-49,-49,-49,-49,-49,-49,-49,-49,-49,-49,-49,-49,-49,-49,-49,-49,-49,-49,-49,-49,-49,-49,-49,-49,-49,-49,-49,-49,-49,-49,-49,-49,-49,-49,-49,-49,-49,-49,-49,-49,-49,-49,-49,-49,-49,-49,-49,-49,-49,-49,-49,-49,-49,-49,-49
-50,-50,-50,-50,-50,-50,-50,-50,-50,-50,-50,-50,-50,-50,-50,-50,-50,-50,-50,-50,-50,-50,-50,-50,-50,-50,-50,-50,-50,-50,-50,-50,-50,-50,-50,-50,-50,-50,-50,-50,-50,-50,-50,-50,-50,-50,-50,-50,-50,-50,-50,-50,-50,-50,-50,-50,-50,-50,-50,-50,-50,-50,-50,-50,-50
-51,-51,-51,-51,-51,-51,-51,-51,-51,-51,-51,-51,-51,-51,-51,-51,-51,-51,-51,-51,-51,-51,-51,-51,-51,-51,-51,-51,-51,-51,-51,-51,-51,-51,-51,-51,-51,-51,-51,-51,-51,-51,-51,-51,-51,-51,-51,-51,-51,-51,-51,-51,-51,-51,-51,-51,-51,-51,-51,-51,-51,-51,-51,-51,-51
-52,-52,-52,-52,-52,-52,-52,-52,-52,-52,-52,-52,-52,-52,-52,-52,-52,-52,-52,-52,-52,-52,-52,-52,-52,-52,-52,-52,-52,-52,-52,-52,-52,-52,-52,-52,-52,-52,-52,-52,-52,-52,-52,-52,-52,-52,-52,-52,-52,-52,-52,-52,-52,-52,-52,-52,-52,-52,-52,-52,-52,-52,-52,-52,-52
-54,-54,-54,-54,-54,-54,-54,-54,-54,-54,-54,-54,-54,-54,-54,-54,-54,-54,-54,-54,-54,-54,-54,-54,-54,-54,-54,-54,-54,-54,-54,-54,-54,-54,-54,-54,-54,-54,-54,-54,-54,-54,-54,-54,-54,-54,-54,-54,-54,-54,-54,-54,-54,-54,-54,-54,-54,-54,-54,-54,-54,-54,-54,-54,-54
-55,-55,-55,-55,-55,-55,-55,-55,-55,-55,-55,-55,-55,-55,-55,-55,-55,-55,-55,-55,-55,-55,-55,-55,-55,-55,-55,-55,-55,-55,-55,-55,-55,-55,-55,-55,-55,-55,-55,-55,-55,-55,-55,-55,-55,-55,-55,-55,-55,-55,-55,-55,-55,-55,-55,-55,-55,-55,-55,-55,-55,-55,-55,-55,-55
9999,9999,48,9999,9999,9999,9999,9999,9999,49,9999,9999,9999,9999,9999,44,9999,9999,9999,9999,9999,9999,9999,9999,9999,9999,9999,45,46,47,9999,9999,9999,9999,9999,9999,9999,9999,9999,9999,9999,9999,9999,9999,9999,9999,9999,9999,9999,9999,9999,9999,9999,9999,9999,9999,9999,9999,9999,96,9999,52,9999,53,9999
9999,9999,48,9999,9999,9999,9999,9999,9999,49,9999,9999,9999,9999,9999,44,9999,9999,9999,9999,9999,9999,9999,9999,9999,9999,9999,45,46,47,9999,9999,9999,9999,9999,9999,9999,9999,9999,9999,9999,9999,9999,9999,9999,9999,9999,9999,9999,9999,9999,9999,9999,9999,9999,9999,9999,9999,9999,9999,9999,97,9999,53,9999
-56,-56,-56,-56,-56,-56,-56,-56,-56,-56,-56,-56,-56,-56,-56,-56,-56,-56,-56,-56,-56,-56,-56,-56,-56,-56,-56,-56,-56,-56,-56,-56,-56,-56,-56,-56,-56,-56,-56,-56,-56,-56,-56,-56,-56,-56,-56,-56,-56,-56,-56,-56,-56,-56,-56,-56,-56,-56,-56,-56,-56,-56,-56,-56,-56
-57,-57,-57,-57,-57,-57,-57,-57,-57,-57,-57,-57,-57,-57,-57,-57,-57,-57,-57,-57,-57,-57,-57,-57,-57,-57,-57,-57,-57,-57,-57,-57,-57,-57,-57,-57,-57,-57,-57,-57,-57,-57,-57,-57,-57,-57,-57,-57,-57,-57,-57,-57,-57,-57,-57,-57,-57,-57,-57,-57,-57,-57,-57,-57,-57
-58,-58,-58,-58,-58,-58,-58,-58,-58,-58,-58,-58,-58,-58,-58,-58,-58,-58,-58,-58,-58,-58,-58,-58,-58,-58,-58,-58,-58,-58,-58,-58,-58,-58,-58,-58,-58,-58,-58,-58,-58,-58,-58,-58,-58,-58,-58,-58,-58,-58,-58,-58,-58,-58,-58,-58,-58,-58,-58,-58,-58,-58,-58,-58,-58
9999,9999,48,9999,9999,9999,9999,9999,9999,49,9999,9999,9999,9999,9999,44,9999,9999,9999,9999,9999,9999,9999,9999,9999,9999,9999,45,46,47,9999,9999,9999,9999,9999,9999,9999,9999,9999,9999,9999,9999,9999,9999,9999,9999,9999,9999,9999,9999,9999,9999,9999,9999,9999,9999,9999,9999,9999,9999,9999,9999,9999,98,9999
-30,-30,-30,-30,-30,-30,-30,-30,-30,-30,-30,-30,-30,-30,-30,-30,-30,-30,-30,-30,-30,-30,-30,-30,-30,-30,-30,-30,-30,-30,-30,-30,-30,-30,-30,-30,-30,-30,-30,-30,-30,-30,-30,-30,-30,-30,-30,-30,-30,-30,-30,-30,-30,-30,-30,-30,-30,-30,-30,-30,-30,-30,-30,-30,-30
-27,-27,-27,-27,-27,-27,-27,-27,-27,-27,-27,-27,-27,-27,-27,-27,-27,-27,-27,-27,-27,-27,-27,-27,-27,-27,-27,-27,-27,-27,-27,-27,-27,-27,-27,-27,-27,-27,-27,-27,-27,-27,-27,-27,-27,-27,-27,-27,-27,-27,-27,-27,-27,-27,-27,-27,-27,-27,-27,-27,-27,-27,-27,-27,-27
-17,-17,-17,-17,-17,-17,-17,-17,-17,-17,-17,-17,-17,-17,-17,-17,-17,-17,-17,-17,-17,-17,-17,-17,-17,-17,-17,-17,-17,-17,-17,-17,-17,-17,-17,-17,-17,-17,-17,-17,-17,-17,-17,-17,-17,-17,-17,-17,-17,-17,-17,-17,-17,-17,-17,-17,-17,-17,-17,-17,-17,-17,-17,-17,-17
-14,-14,-14,-14,-14,-14,-14,-14,-14,-14,-14,-14,-14,-14,-14,-14,-14,-14,-14,-14,-14,-14,-14,-14,-14,-14,-14,-14,-14,-14,-14,-14,-14,-14,-14,-14,-14,-14,-14,-14,-14,-14,-14,-14,-14,-14,-14,-14,-14,-14,-14,-14,-14,-14,-14,-14,-14,-14,-14,-14,-14,-14,-14,-14,-14
9999,9999,9999,9999,9999,9999,9999,9999,9999,9999,9999,9999,9999,9999,9999,9999,9999,9999,9999,9999,9999,9999,9999,9999,99,9999,9999,9999,9999,9999,9999,9999,9999,9999,9999,9999,9999,9999,9999,9999,9999,9999,9999,9999,9999,9999,9999,9999,9999,9999,9999,9999,9999,9999,9999,9999,9999,9999,9999,9999,9999,9999,9999,9999,9999
9999,9999,9999,9999,9999,9999,9999,9999,9999,9999,9999,9999,9999,9999,9999,9999,9999,9999,9999,9999,9999,9999,9999,9999,100,9999,9999,9999,9999,9999,9999,9999,9999,9999,9999,9999,9999,9999,9999,9999,9999,9999,9999,9999,9999,9999,9999,9999,9999,9999,9999,9999,9999,9999,9999,9999,9999,9999,9999,9999,9999,9999,9999,9999,9999
9999,9999,48,9999,9999,9999,9999,9999,9999,49,9999,9999,9999,9999,9999,44,9999,9999,9999,9999,9999,9999,9999,9999,9999,9999,9999,45,46,47,9999,9999,9999,9999,9999,9999,9999,9999,9999,9999,9999,9999,9999,9999,9999,9999,9999,9999,9999,9999,9999,9999,9999,9999,9999,9999,101,9999,9999,51,9999,52,9999,53,9999
9999,9999,9999,102,9999,9999,9999,9999,9999,9999,9999,9999,9999,9999,9999,9999,9999,9999,9999,9999,9999,9999,9999,9999,9999,9999,9999,9999,9999,9999,9999,9999,9999,9999,9999,9999,9999,9999,9999,9999,9999,9999,9999,9999,9999,9999,9999,9999,9999,9999,9999,9999,9999,9999,9999,9999,9999,9999,9999,9999,9999,9999,9999,9999,9999
9999,9999,9999,103,9999,9999,9999,9999,9999,9999,9999,9999,9999,9999,9999,9999,9999,9999,9999,9999,9999,9999,9999,9999,9999,9999,9999,9999,9999,9999,9999,9999,9999,9999,9999,9999,9999,9999,9999,9999,9999,9999,9999,9999,9999,9999,9999,9999,9999,9999,9999,9999,9999,9999,9999,9999,9999,9999,9999,9999,9999,9999,9999,9999,9999
9999,9999,24,9999,9999,9999,9999,9999,9999,25,9999,9999,9999,7,9999,9999,19,20,21,9999,22,9999,23,9999,9999,9999,9999,9999,9999,9999,9999,9999,9999,9999,9999,9999,9999,9999,9999,9999,9999,9999,9999,26,9999,9999,9999,9999,9999,9999,9999,9999,9999,9999,104,30,9999,9999,9999,9999,9999,9999,9999,9999,9999
9999,9999,9999,9999,9999,9999,9999,9999,9999,9999,9999,9999,9999,9999,105,9999,9999,9999,9999,9999,9999,9999,9999,9999,9999,9999,9999,9999,9999,9999,9999,9999,9999,9999,9999,9999,9999,9999,9999,9999,9999,9999,9999,9999,9999,9999,9999,9999,9999,9999,9999,9999,9999,9999,9999,9999,9999,9999,9999,9999,9999,9999,9999,9999,9999
-37,-37,-37,-37,-37,-37,-37,-37,-37,-37,-37,-37,-37,-37,-37,-37,-37,-37,-37,-37,-37,-37,-37,-37,-37,-37,-37,-37,-37,-37,-37,-37,-37,-37,-37,-37,77,78,-37,-37,-37,-37,-37,-37,-37,-37,-37,-37,-37,-37,-37,-37,-37,-37,-37,-37,-37,-37,-37,-37,-37,-37,80,-37,-37
-39,-39,-39,-39,-39,-39,-39,-39,-39,-39,-39,-39,-39,-39,-39,-39,-39,-39,-39,-39,-39,-39,-39,-39,-39,-39,-39,-39,-39,-39,-39,-39,-39,-39,-39,-39,-39,-39,81,82,83,-39,-39,-39,-39,-39,-39,-39,-39,-39,-39,-39,-39,-39,-39,-39,-39,-39,-39,-39,-39,-39,-39,-39,84
-41,-41,-41,-41,-41,-41,-41,-41,-41,-41,-41,-41,-41,-41,-41,-41,-41,-41,-41,-41,-41,-41,-41,-41,-41,-41,-41,-41,-41,-41,-41,-41,-41,-41,-41,-41,-41,-41,-41,-41,-41,-41,-41,-41,-41,-41,-41,-41,-41,-41,-41,-41,-41,-41,-41,-41,-41,-41,-41,-41,-41,-41,-41,-41,-41
-32,-32,-32,-32,-32,-32,-32,-32,-32,-32,-32,-32,-32,-32,-32,-32,-32,-32,-32,-32,-32,-32,-32,-32,-32,-32,-32,-32,-32,-32,-32,-32,-32,-32,-32,-32,-32,-32,-32,-32,-32,-32,-32,-32,-32,-32,-32,-32,-32,-32,-32,-32,-32,-32,-32,-32,-32,-32,-32,-32,-32,-32,-32,-32,-32
-33,-33,-33,-33,-33,-33,-33,-33,-33,-33,-33,-33,-33,-33,-33,-33,-33,-33,-33,-33,-33,-33,-33,-33,-33,-33,-33,-33,-33,-33,-33,-33,-33,-33,-33,-33,-33,-33,-33,-33,-33,-33,-33,-33,-33,-33,-33,-33,-33,-33,-33,-33,-33,-33,-33,-33,-33,-33,-33,-33,-33,-33,-33,-33,-33
9999,9999,9999,9999,9999,9999,9999,9999,9999,9999,106,9999,9999,9999,9999,9999,9999,9999,9999,9999,9999,9999,9999,9999,9999,9999,9999,9999,9999,9999,9999,9999,9999,9999,9999,9999,9999,9999,9999,9999,9999,9999,9999,9999,9999,9999,9999,9999,9999,9999,9999,9999,9999,9999,9999,9999,9999,9999,9999,9999,9999,9999,9999,9999,9999
-24,-24,-24,-24,-24,-24,-24,-24,-24,-24,-24,-24,-24,-24,-24,-24,-24,-24,-24,-24,-24,-24,-24,-24,-24,-24,-24,-24,-24,-24,-24,-24,-24,-24,-24,-24,-24,-24,-24,-24,-24,-24,-24,-24,-24,-24,-24,-24,-24,-24,-24,-24,-24,-24,-24,-24,-24,-24,-24,-24,-24,-24,-24,-24,-24
-25,-25,-25,-25,-25,-25,-25,-25,-25,-25,-25,-25,-25,-25,-25,-25,-25,-25,-25,-25,-25,-25,-25,-25,-25,-25,-25,-25,-25,-25,-25,-25,-25,-25,-25,-25,-25,-25,-25,-25,-25,-25,-25,-25,-25,-25,-25,-25,-25,-25,-25,-25,-25,-25,-25,-25,-25,-25,-25,-25,-25,-25,-25,-25,-25
9999,9999,9999,9999,9999,9999,9999,9999,9999,9999,9999,9999,9999,9999,107,9999,9999,9999,9999,9999,9999,9999,9999,9999,9999,9999,9999,9999,9999,9999,9999,9999,9999,9999,9999,9999,9999,9999,9999,9999,9999,9999,9999,9999,9999,9999,9999,9999,9999,9999,9999,9999,9999,9999,9999,9999,9999,9999,9999,9999,9999,9999,9999,9999,9999
9999,9999,9999,9999,9999,9999,9999,9999,9999,9999,9999,9999,9999,9999,9999,9999,9999,9999,9999,9999,9999,9999,9999,108,9999,9999,9999,9999,9999,9999,9999,9999,9999,9999,9999,9999,9999,9999,9999,9999,9999,9999,9999,9999,9999,9999,9999,9999,9999,9999,9999,9999,9999,9999,9999,9999,9999,9999,9999,9999,9999,9999,9999,9999,9999
-34,-34,-34,-34,-34,-34,-34,-34,-34,-34,-34,-34,-34,-34,-34,-34,-34,-34,-34,-34,-34,-34,-34,-34,-34,-34,-34,-34,-34,-34,-34,-34,-34,-34,-34,-34,-34,-34,-34,-34,-34,-34,-34,-34,-34,-34,-34,-34,-34,-34,-34,-34,-34,-34,-34,-34,-34,-34,-34,-34,-34,-34,-34,-34,-34
9999,9999,9999,109,9999,9999,9999,9999,9999,9999,9999,9999,9999,9999,9999,9999,9999,9999,9999,9999,109,9999,9999,9999,9999,9999,9999,9999,9999,9999,9999,9999,9999,9999,9999,9999,9999,9999,9999,9999,9999,9999,9999,9999,9999,9999,9999,9999,9999,9999,9999,9999,9999,9999,9999,9999,9999,9999,9999,9999,9999,9999,9999,9999,9999
9999,9999,9999,110,9999,9999,9999,9999,9999,9999,9999,9999,9999,9999,9999,9999,9999,9999,9999,9999,9999,9999,9999,9999,9999,9999,9999,9999,9999,9999,9999,9999,9999,9999,9999,9999,9999,9999,9999,9999,9999,9999,9999,9999,9999,9999,9999,9999,9999,9999,9999,9999,9999,9999,9999,9999,9999,9999,9999,9999,9999,9999,9999,9999,9999
9999,9999,9999,111,9999,9999,9999,9999,9999,9999,9999,9999,9999,9999,9999,9999,9999,9999,9999,9999,9999,9999,9999,9999,9999,9999,9999,9999,9999,9999,9999,9999,9999,9999,9999,9999,9999,9999,9999,9999,9999,9999,9999,9999,9999,9999,9999,9999,9999,9999,9999,9999,9999,9999,9999,9999,9999,9999,9999,9999,9999,9999,9999,9999,9999
-29,-29,-29,-29,-29,-29,-29,-29,-29,-29,-29,-29,-29,-29,-29,-29,-29,-29,-29,-29,-29,-29,-29,-29,-29,-29,-29,-29,-29,-29,-29,-29,-29,-29,-29,-29,-29,-29,-29,-29,-29,-29,-29,-29,-29,-29,-29,-29,-29,-29,-29,-29,-29,-29,-29,-29,-29,-29,-29,-29,-29,-29,-29,-29,-29
-28,-28,-28,-28,-28,-28,-28,-28,-28,-28,-28,-28,-28,-28,-28,-28,-28,-28,-28,-28,-28,-28,-28,-28,-28,-28,-28,-28,-28,-28,-28,-28,-28,-28,-28,-28,-28,-28,-28,-28,-28,-28,-28,-28,-28,-28,-28,-28,-28,-28,-28,-28,-28,-28,-28,-28,-28,-28,-28,-28,-28,-28,-28,-28,-28
